City_ID,City,Country,Date,Lat,Lng,Max Temp,Humidity,Cloudiness,Wind Speed
0,Kapaa,US,2021-01-31 00:47:13,22.0752,-159.319,78.8,65,75,14.97
1,Mataura,NZ,2021-01-31 00:47:19,-46.1927,168.8643,71.98,37,96,3.56
2,Sabang,ID,2021-01-31 00:56:57,5.8933,95.3214,80.8,78,62,20.67
3,Rikitea,PF,2021-01-31 00:43:46,-23.1203,-134.9692,79.5,70,0,11.34
4,Punta Arenas,CL,2021-01-31 00:44:21,-53.15,-70.9167,51.8,62,0,26.46
5,Puerto Ayora,EC,2021-01-31 00:44:10,-0.7393,-90.3518,78.01,90,51,7.0
6,Haapsalu,EE,2021-01-31 00:56:58,58.9431,23.5414,24.01,86,100,11.01
7,Ushuaia,AR,2021-01-31 00:47:01,-54.8,-68.3,51.8,62,20,21.85
8,Yarim,YE,2021-01-31 00:56:58,14.298,44.3779,48.07,50,0,4.27
9,Qaanaaq,GL,2021-01-31 00:47:37,77.484,-69.3632,-5.67,80,100,2.84
10,Sarangani,PH,2021-01-31 00:56:59,5.4033,125.4636,81.39,73,100,17.92
11,Georgetown,MY,2021-01-31 00:47:12,5.4112,100.3354,78.8,83,20,6.46
12,Tautira,PF,2021-01-31 00:43:49,-17.7333,-149.15,87.8,58,75,9.22
13,Talara,PE,2021-01-31 00:57:00,-4.5772,-81.2719,75.81,77,62,13.96
14,Hermanus,ZA,2021-01-31 00:43:59,-34.4187,19.2345,66.99,84,0,9.35
15,Lensk,RU,2021-01-31 00:54:11,60.7253,114.9278,-32.66,80,100,5.77
16,College,US,2021-01-31 00:47:27,64.8569,-147.8028,-4.0,77,90,0.89
17,Avera,US,2021-01-31 00:53:55,33.194,-82.5271,48.2,46,1,5.75
18,Chibuto,MZ,2021-01-31 00:57:01,-24.6867,33.5306,74.84,89,0,3.65
19,Pingyin,CN,2021-01-31 00:57:02,36.2831,116.4453,48.0,42,0,8.75
20,Kupang,ID,2021-01-31 00:54:25,-10.1667,123.5833,82.4,83,75,20.71
21,Butaritari,KI,2021-01-31 00:47:13,3.0707,172.7902,81.23,78,53,18.37
22,Saskylakh,RU,2021-01-31 00:47:17,71.9167,114.0833,-33.48,83,100,9.53
23,Southbridge,US,2021-01-31 00:54:52,42.0751,-72.0334,15.01,36,0,5.95
24,Mitsamiouli,KM,2021-01-31 00:51:45,-11.3847,43.2844,81.79,78,92,10.51
25,Vaini,TO,2021-01-31 00:54:27,-21.2,-175.2,86.0,79,75,13.8
26,Dingle,PH,2021-01-31 00:51:14,10.9995,122.6711,78.03,80,87,16.17
27,Clyde River,CA,2021-01-31 00:47:40,70.4692,-68.5914,-9.4,84,90,5.75
28,Bronnoysund,NO,2021-01-31 00:57:04,65.4625,12.1997,23.0,80,90,3.44
29,Saint-Philippe,RE,2021-01-31 00:47:23,-21.3585,55.7679,78.8,65,0,8.05
30,Atar,MR,2021-01-31 00:48:17,20.5169,-13.0499,66.67,23,0,7.99
31,Roblin,CA,2021-01-31 00:57:05,51.23,-101.3565,13.62,97,100,4.99
32,Hithadhoo,MV,2021-01-31 00:44:06,-0.6,73.0833,81.68,79,24,14.23
33,Tuktoyaktuk,CA,2021-01-31 00:48:10,69.4541,-133.0374,-34.6,67,40,3.44
34,Albany,US,2021-01-31 00:44:59,42.6001,-73.9662,17.01,59,5,10.0
35,Hobart,AU,2021-01-31 00:47:46,-42.8794,147.3294,75.0,40,40,10.36
36,Richards Bay,ZA,2021-01-31 00:43:54,-28.783,32.0377,73.65,94,100,2.04
37,Atuona,PF,2021-01-31 00:47:11,-9.8,-139.0333,79.25,73,62,17.56
38,Bluff,NZ,2021-01-31 00:57:07,-46.6,168.3333,58.21,68,98,7.4
39,Bokhan,RU,2021-01-31 00:57:08,53.153,103.7714,-26.14,82,100,13.35
40,New Norfolk,AU,2021-01-31 00:57:08,-42.7826,147.0587,75.99,25,6,5.01
41,Cape Town,ZA,2021-01-31 00:44:18,-33.9258,18.4232,71.01,77,75,5.75
42,Tabou,CI,2021-01-31 00:52:21,4.423,-7.3528,78.66,89,33,8.55
43,Port Alfred,ZA,2021-01-31 00:57:09,-33.5906,26.891,62.01,92,0,1.01
44,Mambajao,PH,2021-01-31 00:57:09,9.2504,124.7156,78.96,80,67,15.23
45,Farah,AF,2021-01-31 00:55:22,32.5,62.5,47.5,40,28,3.0
46,Izyaslav,UA,2021-01-31 00:57:10,50.1195,26.8213,22.46,97,97,10.74
47,Kloulklubed,PW,2021-01-31 00:48:15,7.0419,134.2556,82.4,74,90,10.36
48,Yellowknife,CA,2021-01-31 00:45:04,62.456,-114.3525,-13.0,77,20,4.61
49,Barrow,US,2021-01-31 00:54:35,71.2906,-156.7887,-11.2,70,90,6.91
50,Areosa,PT,2021-01-31 00:57:11,41.7178,-8.8571,54.0,94,75,2.3
51,Mananara,MG,2021-01-31 00:57:11,-16.1667,49.7667,74.62,89,5,3.29
52,Luwingu,ZM,2021-01-31 00:57:11,-10.2621,29.9271,61.63,90,100,2.84
53,Broome,US,2021-01-31 00:48:20,42.2506,-75.833,15.01,73,1,9.22
54,Port Elizabeth,ZA,2021-01-31 00:43:55,-33.918,25.5701,62.6,94,0,6.91
55,Torbay,CA,2021-01-31 00:47:12,47.6666,-52.7314,28.99,93,90,8.05
56,Khatanga,RU,2021-01-31 00:47:32,71.9667,102.5,-47.02,78,40,0.72
57,Bambous Virieux,MU,2021-01-31 00:48:55,-20.3428,57.7575,78.8,83,40,8.05
58,Busselton,AU,2021-01-31 00:47:15,-33.65,115.3333,77.0,55,0,8.48
59,Kahului,US,2021-01-31 00:43:47,20.8947,-156.47,78.8,57,40,18.41
60,Mingyue,CN,2021-01-31 00:57:13,43.1069,128.9217,5.61,83,97,2.08
61,Bengkulu,ID,2021-01-31 00:49:02,-3.8004,102.2655,73.81,92,100,9.82
62,Nikolskoye,RU,2021-01-31 00:47:14,59.7035,30.7861,25.0,93,75,6.71
63,Jamestown,US,2021-01-31 00:57:14,42.097,-79.2353,18.0,86,1,3.44
64,Kruisfontein,ZA,2021-01-31 00:49:20,-34.0033,24.7314,60.01,90,0,3.4
65,Castro,BR,2021-01-31 00:47:17,-24.7911,-50.0119,65.68,97,100,5.99
66,Te Anau,NZ,2021-01-31 00:48:22,-45.4167,167.7167,65.84,47,62,6.38
67,Korla,CN,2021-01-31 00:48:21,41.7597,86.1469,18.37,85,0,4.43
68,Myrtle Beach,US,2021-01-31 00:54:40,33.6891,-78.8867,46.0,53,75,4.61
69,Upernavik,GL,2021-01-31 00:47:10,72.7868,-56.1549,-9.13,87,100,6.98
70,Portland,US,2021-01-31 00:52:21,45.5234,-122.6762,48.99,81,90,13.8
71,Mogadishu,SO,2021-01-31 00:48:00,2.0371,45.3438,74.7,84,16,16.69
72,Ulaangom,MN,2021-01-31 00:57:17,49.9811,92.0667,-7.49,85,0,0.74
73,Ereymentau,KZ,2021-01-31 00:57:17,51.6199,73.1033,18.72,87,99,10.71
74,Lumberton,US,2021-01-31 00:56:48,34.6182,-79.0086,44.6,42,90,5.75
75,Buala,SB,2021-01-31 00:45:38,-8.145,159.5921,85.59,71,100,15.93
76,Teguldet,RU,2021-01-31 00:57:18,57.3064,88.1667,-28.82,83,0,4.41
77,Cidreira,BR,2021-01-31 00:44:11,-30.1811,-50.2056,75.67,91,92,8.34
78,Lebu,CL,2021-01-31 00:47:18,-37.6167,-73.65,56.5,85,1,12.01
79,Kavaratti,IN,2021-01-31 00:49:04,10.5669,72.642,80.78,72,4,9.06
80,Sao Filipe,CV,2021-01-31 00:48:06,14.8961,-24.4956,74.64,61,100,7.9
81,Luderitz,NA,2021-01-31 00:49:16,-26.6481,15.1594,65.39,63,0,18.03
82,Mar Del Plata,AR,2021-01-31 00:47:47,-38.0023,-57.5575,62.01,63,75,18.41
83,Mount Isa,AU,2021-01-31 00:49:21,-20.7333,139.5,98.6,25,79,6.91
84,Los Alamos,US,2021-01-31 00:56:58,35.8881,-106.307,37.4,41,1,4.94
85,Hilo,US,2021-01-31 00:57:20,19.7297,-155.09,80.6,54,75,9.22
86,Sambava,MG,2021-01-31 00:54:08,-14.2667,50.1667,75.88,87,0,5.61
87,Solnechnyy,RU,2021-01-31 00:57:21,50.7214,136.6319,-10.39,85,48,4.23
88,Jiuquan,CN,2021-01-31 00:57:21,39.7432,98.5174,17.47,73,0,3.98
89,Thompson,CA,2021-01-31 00:57:12,55.7435,-97.8558,14.0,92,90,2.3
90,Ancud,CL,2021-01-31 00:49:20,-41.8697,-73.8203,57.99,62,0,9.22
91,Chiang Kham,TH,2021-01-31 00:57:22,19.5233,100.3,66.2,100,20,2.3
92,Cayenne,GF,2021-01-31 00:47:56,4.9333,-52.3333,80.6,89,75,8.05
93,Aykhal,RU,2021-01-31 00:53:38,66.0,111.5,-33.25,81,100,11.99
94,Deputatskiy,RU,2021-01-31 00:49:04,69.3,139.9,-25.11,88,100,1.7
95,Norman Wells,CA,2021-01-31 00:47:40,65.282,-126.8329,-27.4,68,40,3.44
96,Naze,JP,2021-01-31 00:48:30,28.3667,129.4833,60.8,55,40,9.22
97,Jardim,BR,2021-01-31 00:56:37,-21.4803,-56.1381,77.14,82,4,6.78
98,Yerbogachen,RU,2021-01-31 00:51:25,61.2767,108.0108,-37.12,82,71,5.48
99,Bethel,US,2021-01-31 00:47:56,41.3712,-73.414,19.99,62,1,4.61
100,Chokurdakh,RU,2021-01-31 00:57:24,70.6333,147.9167,-29.6,85,0,8.3
101,Hirara,JP,2021-01-31 00:57:25,24.8,125.2833,66.2,59,40,10.36
102,Dikson,RU,2021-01-31 00:57:25,73.5069,80.5464,-34.28,80,0,6.85
103,Vizinga,RU,2021-01-31 00:57:25,61.0749,50.1031,21.16,96,41,8.68
104,Pisco,PE,2021-01-31 00:47:32,-13.7,-76.2167,73.4,68,0,17.27
105,Salinopolis,BR,2021-01-31 00:57:26,-0.6136,-47.3561,79.11,86,100,10.74
106,Butembo,CD,2021-01-31 00:57:26,0.15,29.2833,58.3,87,100,2.08
107,Dakar,SN,2021-01-31 00:55:16,14.6937,-17.4441,68.0,73,100,9.22
108,Juneau,US,2021-01-31 00:49:13,58.3019,-134.4197,32.0,100,100,5.21
109,Matamoros,MX,2021-01-31 00:57:27,25.5333,-103.25,87.8,12,20,2.59
110,Guerrero Negro,MX,2021-01-31 00:48:55,27.9769,-114.0611,60.84,65,100,15.99
111,Harper,LR,2021-01-31 00:57:27,4.375,-7.7169,78.73,88,57,9.19
112,Gamba,GA,2021-01-31 00:57:28,-2.65,10.0,77.25,88,100,1.12
113,Port Blair,IN,2021-01-31 00:48:08,11.6667,92.75,79.36,78,15,7.72
114,Codrington,AU,2021-01-31 00:57:28,-38.2667,141.9667,65.07,57,0,8.46
115,Severo-Kurilsk,RU,2021-01-31 00:48:05,50.6789,156.125,25.18,95,100,28.63
116,Bandarbeyla,SO,2021-01-31 00:54:18,9.4942,50.8122,73.8,72,100,15.79
117,Ishinomaki,JP,2021-01-31 00:57:29,38.4167,141.3,37.4,41,20,11.5
118,Ilulissat,GL,2021-01-31 00:49:15,69.2167,-51.1,6.8,61,90,8.05
119,Yatou,CN,2021-01-31 00:57:30,37.15,122.3833,43.34,80,100,12.77
120,Robertson,US,2021-01-31 00:52:49,36.5167,-86.8667,45.0,65,75,10.36
121,Keetmanshoop,NA,2021-01-31 00:57:30,-26.5833,18.1333,74.17,23,0,7.99
122,Majene,ID,2021-01-31 00:57:30,-3.5403,118.9707,82.6,60,100,3.36
123,Grand Gaube,MU,2021-01-31 00:54:46,-20.0064,57.6608,75.99,86,4,4.0
124,Krasnyy Chikoy,RU,2021-01-31 00:57:31,50.3643,108.7512,-3.17,87,100,6.71
125,Tiksi,RU,2021-01-31 00:48:22,71.6872,128.8694,-27.49,86,100,4.68
126,Avarua,CK,2021-01-31 00:43:45,-21.2078,-159.775,82.4,74,75,6.91
127,Kudahuvadhoo,MV,2021-01-31 00:57:32,2.6708,72.8944,81.12,77,31,13.62
128,Shingu,JP,2021-01-31 00:53:17,33.7333,135.9833,48.2,66,40,13.8
129,Mitchell,US,2021-01-31 00:49:14,43.7094,-98.0298,28.4,93,90,19.57
130,Salalah,OM,2021-01-31 00:57:33,17.0151,54.0924,66.2,68,0,3.44
131,Kodiak,US,2021-01-31 00:56:55,57.79,-152.4072,33.8,55,1,23.02
132,Sitka,US,2021-01-31 00:47:42,57.0531,-135.33,41.0,52,75,4.61
133,Yarada,IN,2021-01-31 00:57:33,17.65,83.2667,71.6,100,40,2.3
134,Thurso,GB,2021-01-31 00:57:33,58.5927,-3.5259,28.4,86,100,5.75
135,Sicamous,CA,2021-01-31 00:55:28,50.8331,-118.9856,33.8,93,100,1.14
136,Katete,UG,2021-01-31 00:57:34,-0.7818,29.7544,62.98,78,100,3.06
137,East London,ZA,2021-01-31 00:57:35,-33.0153,27.9116,69.93,85,70,3.36
138,Olafsvik,IS,2021-01-31 00:57:35,64.8945,-23.7142,23.16,89,30,16.17
139,Grindavik,IS,2021-01-31 00:48:29,63.8424,-22.4338,21.2,73,0,6.91
140,Victoria,HK,2021-01-31 00:45:53,22.2855,114.1577,64.0,63,0,1.01
141,Kalmunai,LK,2021-01-31 00:57:36,7.4167,81.8167,76.39,86,100,4.83
142,Hailar,CN,2021-01-31 00:57:36,49.2,119.7,-15.88,88,100,6.69
143,Ridgecrest,US,2021-01-31 00:57:36,35.6225,-117.6709,57.2,30,1,1.86
144,Bredasdorp,ZA,2021-01-31 00:57:36,-34.5322,20.0403,66.0,84,0,6.22
145,Kaitong,CN,2021-01-31 00:56:17,44.8135,123.15,-2.88,91,100,6.62
146,Belmonte,BR,2021-01-31 00:48:43,-15.8631,-38.8828,78.8,73,40,10.36
147,Saint George,US,2021-01-31 00:57:37,37.1041,-113.5841,50.0,50,1,1.41
148,Port Hardy,CA,2021-01-31 00:45:04,50.6996,-127.4199,46.4,81,90,23.02
149,Huntsville,US,2021-01-31 00:54:43,34.7304,-86.5861,52.0,43,40,16.11
150,Arraial Do Cabo,BR,2021-01-31 00:47:34,-22.9661,-42.0278,77.0,82,0,26.98
151,Mehriz,IR,2021-01-31 00:57:17,31.5917,54.4318,41.72,55,0,4.56
152,Havelock,US,2021-01-31 00:48:31,34.8791,-76.9013,37.0,55,1,4.61
153,Ponta Do Sol,PT,2021-01-31 00:47:52,32.6667,-17.1,59.0,74,45,1.99
154,Bassano,CA,2021-01-31 00:57:39,50.7834,-112.4685,14.0,79,1,2.3
155,Tha Chang,TH,2021-01-31 00:57:39,9.2642,99.1922,78.01,100,20,2.3
156,San Quintin,MX,2021-01-31 00:48:29,30.4833,-115.95,58.86,68,0,10.45
157,Turukhansk,RU,2021-01-31 00:47:25,65.8167,87.9833,-32.31,76,0,5.06
158,Gilgit,PK,2021-01-31 00:57:40,35.9221,74.3087,24.46,51,0,2.68
159,Filingue,NE,2021-01-31 00:57:40,14.3521,3.3168,67.8,21,6,8.28
160,San Patricio,US,2021-01-31 00:47:55,28.017,-97.5169,77.0,78,20,18.41
161,Qesarya,IL,2021-01-31 00:57:41,32.5189,34.9046,57.0,54,0,11.5
162,Nakamura,JP,2021-01-31 00:57:41,32.9833,132.9333,51.01,55,3,5.26
163,Kaitangata,NZ,2021-01-31 00:47:10,-46.2817,169.8464,61.0,80,100,11.01
164,Pangnirtung,CA,2021-01-31 00:57:42,66.1451,-65.7125,-8.93,74,23,2.57
165,Santa Maria,BR,2021-01-31 00:57:42,-29.6842,-53.8069,69.8,100,90,3.44
166,Vila Do Maio,CV,2021-01-31 00:48:14,15.1333,-23.2167,71.6,64,0,17.27
167,Tura,IN,2021-01-31 00:48:46,25.5198,90.2201,50.05,49,0,3.11
168,Talaya,RU,2021-01-31 00:53:39,61.3833,152.75,-29.16,80,100,9.46
169,Nagua,DO,2021-01-31 00:57:43,19.3832,-69.8474,70.84,82,35,10.29
170,Misratah,LY,2021-01-31 00:57:43,32.3754,15.0925,64.36,49,0,11.88
171,Lianran,CN,2021-01-31 00:57:43,24.9227,102.485,50.0,93,75,8.95
172,Tomari,RU,2021-01-31 00:57:44,47.7658,142.0683,12.85,93,100,20.13
173,Chuy,UY,2021-01-31 00:47:07,-33.6971,-53.4616,71.06,89,100,11.1
174,Marica,BR,2021-01-31 00:57:44,-22.9194,-42.8186,89.01,78,0,2.3
175,Jetpur,IN,2021-01-31 00:57:45,21.7333,70.6167,51.8,62,0,3.44
176,Hasaki,JP,2021-01-31 00:48:29,35.7333,140.8333,42.8,42,20,11.5
177,Provideniya,RU,2021-01-31 00:48:37,64.3833,-173.3,-10.1,83,98,13.87
178,Soe,ID,2021-01-31 00:57:46,-9.8607,124.284,70.0,99,100,8.55
179,Tiznit,MA,2021-01-31 00:52:06,29.5833,-9.5,56.3,84,100,2.21
180,Half Moon Bay,US,2021-01-31 00:53:15,37.4636,-122.4286,57.2,76,90,5.75
181,Nicoya,CR,2021-01-31 00:57:47,10.1483,-85.452,80.6,54,0,18.41
182,Porto Santo,PT,2021-01-31 00:57:47,33.072,-16.3415,57.2,94,20,3.44
183,Jaciara,BR,2021-01-31 00:57:47,-15.9653,-54.9683,74.75,81,4,2.73
184,Tasiilaq,GL,2021-01-31 00:54:34,65.6145,-37.6368,21.2,30,90,16.11
185,Geraldton,AU,2021-01-31 00:47:50,-28.7667,114.6,95.0,23,0,19.57
186,Show Low,US,2021-01-31 00:56:00,34.2542,-110.0298,32.0,74,1,5.75
187,Benguela,AO,2021-01-31 00:55:26,-12.5763,13.4055,76.68,75,100,2.73
188,Leua,SK,2021-01-31 00:57:49,48.2156,18.6071,34.0,77,100,4.0
189,Nemuro,JP,2021-01-31 00:48:35,43.3236,145.575,15.8,67,20,3.44
190,Karatuzskoye,RU,2021-01-31 00:57:49,53.6072,92.8667,-26.34,83,39,2.28
191,Wajir,KE,2021-01-31 00:57:50,1.7471,40.0573,72.07,72,0,14.14
192,Eureka,US,2021-01-31 00:53:32,40.8021,-124.1637,53.01,87,90,3.44
193,Kuldiga,LV,2021-01-31 00:57:50,56.974,21.9572,30.2,74,90,13.8
194,Praya,CV,2021-01-31 00:57:51,14.9215,-23.5087,71.6,64,0,17.27
195,Limon,CR,2021-01-31 00:57:51,10.0,-83.0333,73.4,94,75,3.44
196,Lavrentiya,RU,2021-01-31 00:55:31,65.5833,-171.0,-16.24,84,0,5.84
197,Bacungan,PH,2021-01-31 00:57:51,9.9106,118.7022,80.6,69,20,23.02
198,Bose,IT,2021-01-31 00:57:52,45.4612,8.0137,42.01,96,100,1.79
199,Airai,TL,2021-01-31 00:51:32,-8.9266,125.4092,62.82,100,100,5.79
200,Pevek,RU,2021-01-31 00:55:05,69.7008,170.3133,-33.25,84,9,2.08
201,Westport,US,2021-01-31 00:43:31,41.1415,-73.3579,28.0,39,1,4.61
202,Chumikan,RU,2021-01-31 00:57:53,54.7183,135.315,-16.37,79,1,25.88
203,Anaco,VE,2021-01-31 00:57:53,9.4389,-64.4728,78.21,67,19,7.23
204,Homer,US,2021-01-31 00:57:53,59.6425,-151.5483,30.2,69,1,4.61
205,Ust-Maya,RU,2021-01-31 00:54:30,60.4167,134.5333,-36.13,80,100,1.28
206,Margate,GB,2021-01-31 00:48:23,51.3813,1.3862,39.0,76,14,4.0
207,Cabo San Lucas,MX,2021-01-31 00:48:07,22.8909,-109.9124,72.0,77,40,4.61
208,Puro,PH,2021-01-31 00:57:54,12.4841,123.3827,78.31,75,100,16.84
209,Bilma,NE,2021-01-31 00:49:54,18.6853,12.9164,57.81,31,0,3.87
210,Sterling,US,2021-01-31 00:52:56,39.0062,-77.4286,30.2,54,1,4.61
211,Abrau-Dyurso,RU,2021-01-31 00:57:55,44.69,37.59,50.0,71,100,26.84
212,Coquimbo,CL,2021-01-31 00:54:27,-29.9533,-71.3436,66.2,82,90,6.91
213,Lower Hutt,NZ,2021-01-31 00:54:54,-41.2167,174.9167,71.01,63,0,10.36
214,Vardo,NO,2021-01-31 00:48:02,70.3705,31.1107,25.18,95,100,19.01
215,Tamandare,BR,2021-01-31 00:57:56,-8.7597,-35.1047,77.85,82,100,8.55
216,Vanavara,RU,2021-01-31 00:57:57,60.34,102.2797,-41.91,79,26,2.28
217,Carnarvon,AU,2021-01-31 00:57:57,-24.8667,113.6333,84.2,79,6,5.75
218,Soyo,AO,2021-01-31 00:54:58,-6.1349,12.3689,79.68,86,100,8.19
219,Chapais,CA,2021-01-31 00:57:57,49.7834,-74.8492,-4.0,77,90,6.91
220,Acapulco,MX,2021-01-31 00:57:00,16.8634,-99.8901,84.2,74,40,4.61
221,Roma,US,2021-01-31 00:57:58,43.2128,-75.4557,17.6,67,90,8.05
222,Jaisalmer,IN,2021-01-31 00:57:58,26.9147,70.9181,57.65,26,0,7.47
223,Uren,RU,2021-01-31 00:57:58,57.4552,45.7852,20.1,97,100,9.57
224,Kavieng,PG,2021-01-31 00:50:57,-2.5744,150.7967,83.28,73,98,13.98
225,Carballo,ES,2021-01-31 00:57:59,43.213,-8.691,51.01,90,100,3.0
226,Hagenow,DE,2021-01-31 00:57:59,53.4333,11.1833,27.0,91,0,5.5
227,Cherskiy,RU,2021-01-31 00:58:00,68.75,161.3,-35.3,83,0,0.96
228,Ayolas,PY,2021-01-31 00:58:00,-27.4,-56.9,76.73,90,46,5.95
229,Zeya,RU,2021-01-31 00:58:00,53.75,127.2667,-27.63,82,99,1.63
230,Cabatuan,PH,2021-01-31 00:58:01,10.8794,122.486,77.38,79,84,17.47
231,Pembroke,CA,2021-01-31 00:58:01,45.8168,-77.1162,5.0,66,1,2.3
232,Banjarmasin,ID,2021-01-31 00:58:01,-3.3244,114.591,78.8,89,40,2.3
233,Panuco,MX,2021-01-31 00:58:02,22.05,-98.1667,71.6,88,75,9.22
234,Namatanai,PG,2021-01-31 00:48:38,-3.6667,152.4333,84.49,67,100,13.24
235,Vanimo,PG,2021-01-31 00:52:07,-2.6741,141.3028,85.53,65,100,8.08
236,Mosetse,BW,2021-01-31 00:58:02,-20.75,26.65,69.93,84,87,10.58
237,Santa Rosa,PH,2021-01-31 00:58:03,14.3122,121.1114,81.0,69,40,5.75
238,Evensk,RU,2021-01-31 00:51:46,61.95,159.2333,1.45,86,100,23.22
239,Denton,US,2021-01-31 00:58:03,33.2001,-97.1336,66.0,25,90,10.36
240,Farafangana,MG,2021-01-31 00:58:03,-22.8167,47.8333,77.32,87,2,6.76
241,Lagoa,PT,2021-01-31 00:49:16,39.05,-27.9833,61.9,94,100,25.64
242,Alice Springs,AU,2021-01-31 00:55:04,-23.7,133.8833,91.99,20,57,17.27
243,Rocha,UY,2021-01-31 00:53:40,-34.4833,-54.3333,65.75,91,100,18.12
244,Christchurch,NZ,2021-01-31 00:54:34,-43.5333,172.6333,66.2,59,0,18.41
245,Tuatapere,NZ,2021-01-31 00:54:53,-46.1333,167.6833,67.19,46,100,1.57
246,Vila Velha,BR,2021-01-31 00:52:57,-20.3297,-40.2925,78.8,78,20,10.36
247,Vestmannaeyjar,IS,2021-01-31 00:48:58,63.4427,-20.2734,31.35,94,100,9.4
248,Maningrida,AU,2021-01-31 00:58:05,-12.0667,134.2667,86.86,67,63,10.27
249,Sawtell,AU,2021-01-31 00:54:52,-30.3833,153.1,81.0,69,34,11.5
250,Lompoc,US,2021-01-31 00:58:07,34.6391,-120.4579,55.99,67,1,12.66
251,Ustye,RU,2021-01-31 00:58:07,59.6304,39.736,18.34,97,90,9.64
252,Faya,SA,2021-01-31 00:44:39,18.3851,42.4509,55.4,62,0,5.75
253,Jaslo,PL,2021-01-31 00:58:08,49.7451,21.4725,26.6,86,75,8.05
254,Mahebourg,MU,2021-01-31 00:58:08,-20.4081,57.7,78.8,83,40,8.05
255,Nishihara,JP,2021-01-31 00:52:58,26.1842,127.7558,64.4,48,20,9.22
256,Bud,US,2021-01-31 00:58:08,39.447,-86.1758,30.99,97,100,16.26
257,Abnub,EG,2021-01-31 00:53:37,27.2696,31.1511,46.4,61,0,4.61
258,Pacasmayo,PE,2021-01-31 00:58:09,-7.4006,-79.5714,73.71,68,54,14.52
259,Bubaque,GW,2021-01-31 00:57:52,11.2833,-15.8333,79.34,62,97,12.12
260,Manzanillo,CU,2021-01-31 00:58:10,20.3433,-77.1167,69.69,74,0,14.94
261,Beringovskiy,RU,2021-01-31 00:48:25,63.05,179.3167,7.0,94,100,29.08
262,San Ramon,US,2021-01-31 00:58:10,37.7799,-121.978,59.0,58,90,8.05
263,San Cristobal,VE,2021-01-31 00:54:41,7.7669,-72.225,65.71,72,84,1.39
264,Mount Gambier,AU,2021-01-31 00:48:44,-37.8333,140.7667,64.4,59,75,8.05
265,Yacuiba,BO,2021-01-31 00:58:11,-22.038,-63.6797,76.62,77,100,4.59
266,Narasannapeta,IN,2021-01-31 00:58:11,18.4167,84.05,69.55,80,100,4.36
267,Cairns,AU,2021-01-31 00:58:08,-16.9167,145.7667,91.0,62,40,11.5
268,Srednekolymsk,RU,2021-01-31 00:58:12,67.45,153.6833,-32.04,84,100,3.31
269,Mandalgovi,MN,2021-01-31 00:48:44,45.7625,106.2708,5.56,79,91,21.9
270,Humaita,BR,2021-01-31 00:58:12,-7.5061,-63.0208,75.24,95,100,2.62
271,Coos Bay,US,2021-01-31 00:54:35,43.3665,-124.2179,50.0,100,90,5.79
272,Opuwo,NA,2021-01-31 00:58:13,-18.0607,13.84,71.22,50,100,2.95
273,Aosta,IT,2021-01-31 00:58:13,45.7667,7.4167,37.99,88,100,6.33
274,Mazatan,MX,2021-01-31 00:58:14,14.8667,-92.45,82.4,69,1,6.91
275,Hervey Bay,AU,2021-01-31 00:58:14,-25.2986,152.8535,87.01,54,40,13.8
276,Larsnes,NO,2021-01-31 00:58:14,62.2028,5.5773,30.99,93,100,10.11
277,Fortuna,US,2021-01-31 00:49:21,40.5982,-124.1573,53.01,76,90,23.02
278,Stare Mesto,CZ,2021-01-31 00:58:15,50.087,14.4202,28.0,80,0,4.61
279,Habiganj,BD,2021-01-31 00:56:28,24.3833,91.4167,50.88,47,0,0.94
280,Bac,RS,2021-01-31 00:58:15,45.3919,19.2367,39.99,100,0,6.91
281,Dunedin,NZ,2021-01-31 00:53:35,-45.8742,170.5036,62.01,70,100,21.99
282,Vila Franca Do Campo,PT,2021-01-31 00:48:26,37.7167,-25.4333,62.6,88,75,16.11
283,Broken Hill,AU,2021-01-31 00:49:01,-31.95,141.4333,77.0,38,48,13.8
284,Caronport,CA,2021-01-31 00:58:16,50.4501,-105.8179,3.2,78,0,5.75
285,Malinyi,TZ,2021-01-31 00:58:16,-8.9333,36.1333,70.57,92,100,0.27
286,Kindu,CD,2021-01-31 00:58:17,-2.95,25.95,70.11,98,100,0.94
287,Kiama,AU,2021-01-31 00:54:49,-34.6833,150.8667,73.0,95,100,1.01
288,Viedma,AR,2021-01-31 00:58:17,-40.8135,-62.9967,61.0,58,24,10.71
289,Ormara,PK,2021-01-31 00:53:58,25.2088,64.6357,67.84,69,0,11.05
290,Skjervoy,NO,2021-01-31 00:53:20,70.0311,20.9714,28.09,87,100,5.5
291,Terra Santa,BR,2021-01-31 00:58:18,-2.1042,-56.4869,78.48,78,97,5.57
292,Birao,CF,2021-01-31 00:58:18,10.2849,22.7882,70.52,21,27,10.58
293,Iqaluit,CA,2021-01-31 00:49:41,63.7506,-68.5145,-9.0,77,1,19.57
294,Katsuura,JP,2021-01-31 00:57:54,35.1333,140.3,52.0,45,20,6.91
295,Batouri,CM,2021-01-31 00:53:19,4.4333,14.3667,68.74,68,100,2.53
296,Fairbanks,US,2021-01-31 00:45:34,64.8378,-147.7164,-2.99,77,90,1.07
297,Tiarei,PF,2021-01-31 00:58:20,-17.5333,-149.3333,87.8,58,75,9.22
298,Takoradi,GH,2021-01-31 00:58:20,4.8845,-1.7554,78.93,89,46,5.88
299,Vallenar,CL,2021-01-31 00:58:20,-28.5708,-70.7581,64.45,64,0,1.34
300,Aksu,CN,2021-01-31 00:49:36,41.1231,80.2644,15.84,86,4,3.04
301,Faanui,PF,2021-01-31 00:48:12,-16.4833,-151.75,81.75,70,31,8.03
302,Taksimo,RU,2021-01-31 00:58:21,56.3444,114.8794,-28.5,76,100,0.2
303,El Dorado,US,2021-01-31 00:58:21,38.7666,-120.5177,48.2,61,1,4.61
304,Pocone,BR,2021-01-31 00:58:22,-16.2567,-56.6228,78.28,78,97,5.46
305,Envira,BR,2021-01-31 00:58:22,-7.3,-70.2167,73.17,96,40,1.59
306,Husavik,IS,2021-01-31 00:58:22,66.0449,-17.3389,14.0,85,90,4.61
307,Maruoka,JP,2021-01-31 00:58:22,36.1534,136.2703,39.2,81,75,4.61
308,Katobu,ID,2021-01-31 00:58:23,-4.9408,122.5276,79.61,84,100,3.4
309,Qandala,SO,2021-01-31 00:58:23,11.472,49.8728,70.27,69,8,2.24
310,Nuuk,GL,2021-01-31 00:58:23,64.1835,-51.7216,17.6,86,20,8.05
311,Boralday,KZ,2021-01-31 00:48:54,43.3578,76.8594,14.0,73,20,6.71
312,Yulara,AU,2021-01-31 00:58:24,-25.2406,130.9889,87.8,23,79,18.41
313,Port Lincoln,AU,2021-01-31 00:58:25,-34.7333,135.8667,66.67,63,7,14.32
314,Antalaha,MG,2021-01-31 00:58:25,-14.9003,50.2788,75.49,88,0,4.54
315,Rabo De Peixe,PT,2021-01-31 00:58:25,37.8,-25.5833,62.6,88,75,16.11
316,Catamarca,AR,2021-01-31 00:58:26,-28.4696,-65.7852,75.0,81,50,1.99
317,Pakxan,LA,2021-01-31 00:58:26,18.3778,103.6601,65.8,69,10,4.07
318,Mehamn,NO,2021-01-31 00:58:26,71.0357,27.8492,26.6,80,0,8.05
319,Ribeira Grande,PT,2021-01-31 00:58:26,38.5167,-28.7,63.12,91,94,21.79
320,Isla Vista,US,2021-01-31 00:48:30,34.4133,-119.861,57.0,67,1,10.36
321,Olinda,BR,2021-01-31 00:53:12,-8.0089,-34.8553,78.8,69,20,8.05
322,Bayonne,FR,2021-01-31 00:58:27,43.3333,-1.4167,53.6,87,90,35.68
323,Hualmay,PE,2021-01-31 00:58:27,-11.0964,-77.6139,71.38,76,58,9.01
324,Esperance,AU,2021-01-31 00:51:32,-33.8667,121.9,68.0,64,0,13.8
325,Chita,RU,2021-01-31 00:55:23,52.0333,113.55,-29.2,68,20,2.53
326,Zhezkazgan,KZ,2021-01-31 00:58:28,47.8043,67.7144,17.31,95,97,7.87
327,Tabas,IR,2021-01-31 00:58:29,33.5959,56.9244,49.26,48,0,4.7
328,Nampa,US,2021-01-31 00:58:29,43.5407,-116.5635,46.4,53,90,10.36
329,Guatire,VE,2021-01-31 00:58:29,10.4762,-66.5427,78.8,83,40,2.26
330,Surgut,RU,2021-01-31 00:58:29,61.25,73.4167,-9.4,77,90,11.18
331,Lorengau,PG,2021-01-31 00:47:22,-2.0226,147.2712,83.5,79,100,10.83
332,Najran,SA,2021-01-31 00:58:30,17.4924,44.1277,59.0,29,0,2.89
333,Dudinka,RU,2021-01-31 00:53:20,69.4058,86.1778,-35.95,77,0,7.34
334,Sorland,NO,2021-01-31 00:58:30,67.667,12.6934,30.76,90,41,6.8
335,Mouila,GA,2021-01-31 00:55:26,-1.8685,11.0559,71.58,93,100,2.62
336,Pavilosta,LV,2021-01-31 00:58:31,56.8879,21.1859,30.2,74,90,9.22
337,Pacific Grove,US,2021-01-31 00:53:14,36.6177,-121.9166,57.2,62,90,8.05
338,Venado Tuerto,AR,2021-01-31 00:58:32,-33.7456,-61.9688,64.0,93,100,8.01
339,Praia,CV,2021-01-31 00:57:51,14.9215,-23.5087,71.6,64,0,17.27
340,Wajima,JP,2021-01-31 00:49:21,37.4,136.9,33.8,80,75,4.61
341,Rawson,AR,2021-01-31 00:58:32,-43.3002,-65.1023,60.69,59,6,16.87
342,Zaprudnya,RU,2021-01-31 00:58:33,56.5667,37.4333,24.8,86,40,6.71
343,Mocuba,MZ,2021-01-31 00:58:33,-16.8392,36.9856,72.93,97,98,0.63
344,Nabire,ID,2021-01-31 00:54:27,-3.3667,135.4833,82.45,75,98,2.06
345,Yoichi,JP,2021-01-31 00:58:34,43.2039,140.7703,26.6,59,75,13.8
346,Narsaq,GL,2021-01-31 00:58:34,60.9167,-46.05,39.2,28,75,33.38
347,Waipawa,NZ,2021-01-31 00:58:34,-41.4122,175.5153,72.0,63,0,10.36
348,Ulladulla,AU,2021-01-31 00:54:41,-35.35,150.4667,68.0,94,90,10.36
349,Belaya Gora,RU,2021-01-31 00:58:35,68.5333,146.4167,-28.46,86,100,2.55
350,Tigil,RU,2021-01-31 00:58:35,57.8,158.6667,5.67,94,100,14.25
351,Beppu,JP,2021-01-31 00:58:35,33.2736,131.4919,50.0,53,20,4.61
352,Talnakh,RU,2021-01-31 00:54:45,69.4865,88.3972,-31.23,71,0,6.87
353,Bereda,ES,2021-01-31 00:58:36,43.2686,-7.5406,48.99,89,100,10.0
354,Toktogul,KG,2021-01-31 00:58:36,41.8708,72.9402,12.99,64,100,1.01
355,Kushmurun,KZ,2021-01-31 00:58:36,52.4503,64.6311,10.85,94,90,1.21
356,Haines Junction,CA,2021-01-31 00:58:37,60.7522,-137.5108,-5.8,77,97,1.14
357,Nanortalik,GL,2021-01-31 00:58:37,60.1432,-45.2371,29.19,90,100,11.03
358,Charlestown,AU,2021-01-31 00:58:28,-32.95,151.6667,77.0,86,45,5.99
359,Omboue,GA,2021-01-31 00:58:38,-1.5746,9.2618,75.0,90,100,3.53
360,Lima,PE,2021-01-31 00:56:38,-12.0432,-77.0282,77.0,73,0,13.8
361,Atchison,US,2021-01-31 00:58:38,39.563,-95.1216,39.99,94,100,15.9
362,Aketi,CD,2021-01-31 00:58:39,2.7388,23.7833,68.27,48,100,1.48
363,Port Augusta,AU,2021-01-31 00:48:59,-32.5,137.7667,69.8,60,100,12.66
364,Komsomolskiy,UZ,2021-01-31 00:57:34,40.4272,71.7189,33.8,47,100,4.61
365,Graaff-Reinet,ZA,2021-01-31 00:58:39,-32.2522,24.5308,60.01,74,0,2.57
366,Caravelas,BR,2021-01-31 00:58:40,-17.7125,-39.2481,75.6,86,0,5.39
367,Lermontovka,RU,2021-01-31 00:58:40,47.1453,134.3383,-13.2,82,0,5.35
368,Nouadhibou,MR,2021-01-31 00:58:40,20.931,-17.0347,68.0,64,0,18.41
369,Sao Miguel Do Araguaia,BR,2021-01-31 00:58:41,-13.275,-50.1628,75.54,80,92,3.36
370,Meulaboh,ID,2021-01-31 00:51:19,4.1363,96.1285,75.97,83,58,4.41
371,Ostrovnoy,RU,2021-01-31 00:58:41,68.0531,39.5131,14.54,95,100,7.47
372,Rio Gallegos,AR,2021-01-31 00:56:02,-51.6226,-69.2181,62.6,34,0,16.11
373,Chimbote,PE,2021-01-31 00:58:42,-9.0853,-78.5783,70.92,72,95,7.31
374,Coihaique,CL,2021-01-31 00:51:53,-45.5752,-72.0662,64.4,45,0,9.22
375,Daru,PG,2021-01-31 00:52:29,-9.0763,143.2092,80.53,78,100,14.34
376,General Cepeda,MX,2021-01-31 00:58:42,25.3833,-101.45,73.4,38,1,3.91
377,Marsh Harbour,BS,2021-01-31 00:48:54,26.5412,-77.0636,66.49,63,100,13.82
378,Mattru,SL,2021-01-31 00:58:43,7.6244,-11.8332,75.52,87,40,0.54
379,La Ronge,CA,2021-01-31 00:54:13,55.1001,-105.2842,12.2,85,12,1.14
380,Dejen,ET,2021-01-31 00:58:43,10.1667,38.1333,50.43,51,0,4.16
381,Beloha,MG,2021-01-31 00:58:44,-25.1667,45.05,74.46,84,0,4.0
382,Marrakesh,MA,2021-01-31 00:58:44,31.6315,-8.0083,55.4,82,54,5.75
383,Progreso,MX,2021-01-31 00:58:44,21.2833,-89.6667,80.6,44,75,11.5
384,Savalou,BJ,2021-01-31 00:58:45,7.9281,1.9756,78.21,79,36,3.91
385,Sao Joao Da Barra,BR,2021-01-31 00:48:10,-21.6403,-41.0511,77.97,78,1,21.68
386,Lafia,NG,2021-01-31 00:54:26,8.4833,8.5167,74.17,20,0,2.21
387,Berlevag,NO,2021-01-31 00:53:05,70.8578,29.0864,26.6,80,0,8.05
388,Puerto Carreno,CO,2021-01-31 00:58:45,6.189,-67.4859,83.05,55,74,14.54
389,Fare,PF,2021-01-31 00:52:40,-16.7,-151.0167,81.59,70,9,5.95
390,Laguna,US,2021-01-31 00:47:45,38.421,-121.4238,59.0,51,1,4.61
391,Maroantsetra,MG,2021-01-31 00:58:46,-15.4333,49.7333,74.39,87,10,3.33
392,Alihe,CN,2021-01-31 00:58:47,50.5667,123.7167,-16.64,84,100,0.4
393,Bemidji,US,2021-01-31 00:58:47,47.4736,-94.8803,27.0,100,75,3.2
394,Port-Gentil,GA,2021-01-31 00:58:47,-0.7193,8.7815,77.68,82,100,8.41
395,Alexandria,EG,2021-01-31 00:58:47,31.2156,29.9553,57.2,67,0,9.22
396,Mbandaka,CD,2021-01-31 00:58:48,0.0487,18.2603,72.12,94,88,5.91
397,Valdivia,CL,2021-01-31 00:58:48,-39.8142,-73.2459,66.2,59,0,4.61
398,Chapleau,CA,2021-01-31 00:58:48,47.8405,-83.4034,6.8,72,1,4.61
399,Puerto Padre,CU,2021-01-31 00:58:48,21.195,-76.6028,71.6,68,0,13.8
400,Bridgetown,BB,2021-01-31 00:56:16,13.1,-59.6167,78.8,73,40,17.27
401,Aripuana,BR,2021-01-31 00:49:06,-9.1667,-60.6333,73.89,98,100,1.63
402,Zhigansk,RU,2021-01-31 00:49:14,66.7697,123.3711,-48.78,74,66,3.15
403,Bulalacao,PH,2021-01-31 00:58:49,12.3254,121.3435,77.68,73,42,27.29
404,Filadelfia,US,2021-01-31 00:56:38,39.9523,-75.1638,32.0,37,20,5.75
405,Ayagoz,KZ,2021-01-31 00:49:03,47.9714,80.4392,15.84,88,100,14.72
406,Zhangzhou,CN,2021-01-31 00:58:51,24.5133,117.6556,57.2,77,0,4.47
407,Astoria,US,2021-01-31 00:58:51,46.1879,-123.8313,46.4,81,90,6.91
408,Klyuchi,RU,2021-01-31 00:58:51,52.2667,79.1667,8.06,95,100,7.87
409,Jatiroto,ID,2021-01-31 00:58:51,-7.8833,111.1167,79.18,74,90,1.25
410,Anchorage,US,2021-01-31 00:57:09,61.2181,-149.9003,21.2,68,1,3.36
411,Asyut,EG,2021-01-31 00:54:40,27.181,31.1837,46.4,61,0,4.61
412,Kungurtug,RU,2021-01-31 00:58:52,50.5994,97.5228,-6.97,85,100,3.06
413,Loikaw,MM,2021-01-31 00:58:52,19.6742,97.2094,62.4,86,100,1.54
414,Rock Sound,BS,2021-01-31 00:58:53,24.9,-76.2,69.8,64,98,15.95
415,Romitan,UZ,2021-01-31 00:58:53,39.9343,64.3814,41.0,70,40,9.31
416,Omsukchan,RU,2021-01-31 00:58:54,62.5333,155.8,-29.65,81,100,12.24
417,Anadyr,RU,2021-01-31 00:58:54,64.75,177.4833,-4.0,71,20,26.84
418,Verkhnevilyuysk,RU,2021-01-31 00:58:54,63.4453,120.3167,-48.03,77,94,3.09
419,Pangody,RU,2021-01-31 00:58:25,65.85,74.4859,-20.15,85,100,18.72
420,Staryy Nadym,RU,2021-01-31 00:58:55,65.6118,72.6842,-17.73,85,100,20.47
421,Namibe,AO,2021-01-31 00:52:53,-15.1961,12.1522,72.97,75,95,5.7
422,Warrnambool,AU,2021-01-31 00:58:41,-38.3833,142.4833,66.99,69,0,8.3
423,Kaspiysk,RU,2021-01-31 00:58:55,42.8816,47.6392,39.2,93,90,6.71
424,Nerchinsk,RU,2021-01-31 00:58:56,51.9833,116.5833,-28.7,83,20,1.25
425,Elizabeth City,US,2021-01-31 00:58:56,36.2946,-76.2511,33.8,60,1,1.05
426,Dillon,US,2021-01-31 00:54:58,34.4166,-79.3712,45.0,56,40,4.61
427,Liuzhou,CN,2021-01-31 00:58:57,24.3126,109.3892,57.85,63,60,2.1
428,Bulawayo,ZW,2021-01-31 00:58:57,-20.15,28.5833,66.18,94,100,7.4
429,Vao,NC,2021-01-31 00:53:10,-22.6667,167.4833,75.83,79,100,22.26
430,Nyuksenitsa,RU,2021-01-31 00:53:08,60.4128,44.2397,18.0,96,99,8.34
431,Nome,US,2021-01-31 00:58:57,64.5011,-165.4064,-7.6,71,1,6.91
432,Oranjemund,NA,2021-01-31 00:58:58,-28.55,16.4333,60.39,91,2,7.47
433,Alofi,NU,2021-01-31 00:58:58,-19.0595,-169.9187,82.4,74,100,12.66
434,Tateyama,JP,2021-01-31 00:52:30,34.9833,139.8667,52.0,62,20,5.75
435,Dorogino,RU,2021-01-31 00:58:58,54.3598,83.3198,-10.57,85,29,6.89
436,Tilichiki,RU,2021-01-31 00:58:59,60.4667,166.1,-11.07,91,95,16.31
437,Ajdabiya,LY,2021-01-31 00:48:17,30.7554,20.2263,59.43,63,0,6.26
438,Leningradskiy,RU,2021-01-31 00:58:59,69.3833,178.4167,-26.9,82,0,3.91
439,Correntina,BR,2021-01-31 00:59:00,-13.3433,-44.6367,73.18,56,0,2.59
440,Toora-Khem,RU,2021-01-31 00:51:23,52.4675,96.11,-14.69,85,71,3.49
441,Nanzhou,CN,2021-01-31 00:59:00,29.3596,112.4024,47.14,89,100,2.24
442,Marawi,PH,2021-01-31 00:59:01,7.9986,124.2928,80.01,80,76,3.0
443,Yala,TH,2021-01-31 00:59:01,6.3333,101.25,75.2,88,75,5.75
444,Sabha,LY,2021-01-31 00:59:01,27.0377,14.4283,56.1,40,0,7.38
445,Baykit,RU,2021-01-31 00:51:25,61.67,96.37,-34.74,76,0,1.5
446,Vinhedo,BR,2021-01-31 00:59:02,-23.0297,-46.9753,81.0,65,20,9.22
447,Saint-Pierre,RE,2021-01-31 00:54:04,-21.3393,55.4781,78.8,65,0,8.05
448,Santa Fe,AR,2021-01-31 00:57:36,-31.6333,-60.7,71.01,86,90,8.99
449,Bambanglipuro,ID,2021-01-31 00:59:03,-7.95,110.2833,80.4,78,100,3.36
450,High Rock,BS,2021-01-31 00:59:03,26.6208,-78.2833,64.4,59,75,8.05
451,Khomutovka,RU,2021-01-31 00:59:03,51.9207,34.5619,32.79,97,100,13.94
452,Grand-Lahou,CI,2021-01-31 00:59:03,5.1367,-5.0242,79.25,88,13,9.53
453,Taltal,CL,2021-01-31 00:59:04,-25.4,-70.4833,66.85,72,1,5.28
454,Barranca,PE,2021-01-31 00:59:04,-10.75,-77.7667,69.58,81,68,5.21
455,Sorong,ID,2021-01-31 00:51:02,-0.8833,131.25,79.99,80,100,13.53
456,Paita,PE,2021-01-31 00:54:33,-5.0892,-81.1144,76.26,73,15,15.57
457,Cockburn Town,TC,2021-01-31 00:59:05,21.4612,-71.1419,73.4,56,20,11.5
458,Itarema,BR,2021-01-31 00:54:27,-2.9248,-39.9167,79.11,82,100,10.33
459,Doha,QA,2021-01-31 00:59:05,25.2867,51.5333,64.4,59,0,12.66
460,Esfarayen,IR,2021-01-31 00:59:06,37.0765,57.5101,37.56,76,77,6.11
461,Necochea,AR,2021-01-31 00:59:06,-38.5473,-58.7368,59.0,67,95,11.97
462,Neya,RU,2021-01-31 00:59:06,58.2972,43.8681,20.48,97,100,9.35
463,Dabakala,CI,2021-01-31 00:59:06,8.3667,-4.4333,76.48,31,0,2.21
464,Gasa,PS,2021-01-31 00:59:07,31.5,34.4667,55.0,58,0,1.99
465,Ranong,TH,2021-01-31 00:59:07,9.9658,98.6348,71.6,94,20,1.14
466,Saldanha,ZA,2021-01-31 00:50:21,-33.0117,17.9442,63.68,93,0,1.54
467,Seoul,KR,2021-01-31 00:56:31,37.5683,126.9778,32.0,64,0,8.05
468,Kollam,IN,2021-01-31 00:56:07,8.8833,76.6,78.8,89,20,7.94
469,Were Ilu,ET,2021-01-31 00:59:08,10.6,39.4333,45.97,56,4,6.13
470,Ushtobe,KZ,2021-01-31 00:59:09,45.2514,77.9838,12.61,83,90,0.49
471,Yarkovo,RU,2021-01-31 00:59:09,57.4028,67.0786,14.13,96,99,6.42
472,Souillac,MU,2021-01-31 00:58:22,-20.5167,57.5167,78.8,83,40,8.05
473,Kondinskoye,RU,2021-01-31 00:59:09,59.6481,67.41,15.24,97,100,9.35
474,Anderlues,BE,2021-01-31 00:59:10,50.407,4.2714,36.0,86,75,16.11
475,Comodoro Rivadavia,AR,2021-01-31 00:58:07,-45.8667,-67.5,60.8,51,0,8.05
476,Morant Bay,JM,2021-01-31 00:59:10,17.8815,-76.4093,80.6,69,75,9.22
477,Yar-Sale,RU,2021-01-31 00:54:55,66.8333,70.8333,-18.29,86,100,17.27
478,Ust-Kuyga,RU,2021-01-31 00:59:11,70.0167,135.6,-33.84,81,57,4.32
479,Paengaroa,NZ,2021-01-31 00:59:11,-37.8167,176.4167,70.0,51,0,3.0
480,Novyy Urengoy,RU,2021-01-31 00:59:11,66.0833,76.6333,-22.47,85,100,17.16
481,Aksarka,RU,2021-01-31 00:52:19,66.5606,67.7975,-16.6,88,100,10.09
482,Poum,NC,2021-01-31 00:59:12,-20.2333,164.0167,80.11,66,2,9.4
483,Salmas,IR,2021-01-31 00:59:12,38.1973,44.7653,24.94,81,96,2.98
484,Saint-Augustin,CA,2021-01-31 00:59:12,51.226,-58.6502,28.81,92,100,16.96
485,Birjand,IR,2021-01-31 00:56:57,32.8663,59.2211,44.94,68,0,7.27
486,Teknaf,BD,2021-01-31 00:59:13,20.8624,92.3058,63.46,62,42,9.01
487,Wembley,AU,2021-01-31 00:59:13,-31.9333,115.8,84.99,36,0,13.8
488,Maceio,BR,2021-01-31 00:54:35,-9.6658,-35.7353,75.2,94,75,2.3
489,Ilhabela,BR,2021-01-31 00:55:12,-23.7781,-45.3581,77.7,81,84,2.1
490,Mildura,AU,2021-01-31 00:59:14,-34.2,142.15,75.0,53,0,9.22
491,Port Said,EG,2021-01-31 00:59:14,31.2565,32.2841,59.0,63,0,12.66
492,Winnemucca,US,2021-01-31 00:59:14,40.973,-117.7357,41.0,45,1,8.05
493,Umm Lajj,SA,2021-01-31 00:59:14,25.0213,37.2685,64.29,56,0,11.52
494,Sembakung,ID,2021-01-31 00:59:15,3.8167,117.25,77.0,88,90,3.44
495,Tyubuk,RU,2021-01-31 00:59:15,56.0552,60.9405,17.6,97,72,4.41
496,Darhan,MN,2021-01-31 00:59:15,49.4867,105.9228,-1.68,88,100,9.08
497,Gao,ML,2021-01-31 00:59:16,16.6362,1.637,66.99,22,0,10.96
498,Longyearbyen,SJ,2021-01-31 00:59:16,78.2186,15.6401,-5.8,65,20,19.57
499,Sept-Iles,CA,2021-01-31 00:52:33,50.2001,-66.3821,19.4,63,41,6.91
500,Galle,LK,2021-01-31 00:57:26,6.0367,80.217,77.04,86,98,4.21
501,Gabane,BW,2021-01-31 00:59:17,-24.6667,25.7822,69.8,100,75,3.44
502,Domoni,KM,2021-01-31 00:59:17,-12.2569,44.5319,79.45,77,100,6.8
503,Honningsvag,NO,2021-01-31 00:59:17,70.9821,25.9704,26.6,80,0,8.05
504,Ouesso,CG,2021-01-31 00:59:18,1.6136,16.0517,72.16,91,97,3.18
505,Mao,ES,2021-01-31 00:49:37,39.8885,4.2658,48.2,93,20,3.44
506,Manaure,CO,2021-01-31 00:59:18,11.7751,-72.4445,78.08,67,64,17.94
507,Taoudenni,ML,2021-01-31 00:59:18,22.6783,-3.9836,66.13,25,0,7.45
508,Buraydah,SA,2021-01-31 00:59:16,26.326,43.975,50.0,66,0,5.75
509,Gouyave,GD,2021-01-31 00:59:19,12.1646,-61.7296,78.8,83,20,23.02
510,Vicuna,CL,2021-01-31 00:55:41,-30.0319,-70.7081,66.2,82,90,6.91
511,Nyurba,RU,2021-01-31 00:59:19,63.2842,118.3319,-39.01,81,100,2.59
512,Lerwick,GB,2021-01-31 00:51:38,60.1545,-1.1494,33.8,93,75,1.14
513,Tazovskiy,RU,2021-01-31 00:59:20,67.4667,78.7,-25.6,84,100,15.73
514,Sayyan,YE,2021-01-31 00:59:20,15.1718,44.3244,46.44,49,7,4.32
515,Mineiros,BR,2021-01-31 00:59:20,-17.5694,-52.5511,69.67,88,97,4.03
516,Bandar-E Anzali,IR,2021-01-31 00:59:21,37.4727,49.4622,48.58,84,0,5.44
517,Trincomalee,LK,2021-01-31 00:59:21,8.5711,81.2335,78.96,84,53,14.12
518,Gryfino,PL,2021-01-31 00:59:22,53.2524,14.4883,27.0,64,0,3.0
519,Apac,UG,2021-01-31 00:59:22,1.9756,32.5386,71.46,56,18,2.68
520,San Vicente,AR,2021-01-31 00:59:22,-26.6167,-54.1333,70.12,89,2,5.12
521,Jodar,ES,2021-01-31 00:59:22,37.8406,-3.3526,46.0,64,90,14.0
522,Fort William,GB,2021-01-31 00:59:23,56.8165,-5.1121,26.01,89,100,2.71
523,San Felipe,VE,2021-01-31 00:59:23,10.3399,-68.7425,71.19,87,96,5.73
524,Edea,CM,2021-01-31 00:59:23,3.8,10.1333,80.6,100,40,2.3
525,Pimentel,PE,2021-01-31 00:59:24,-6.8367,-79.9342,75.2,64,0,13.8
526,Petropavlovsk-Kamchatskiy,RU,2021-01-31 00:49:34,53.0452,158.6483,28.4,50,100,15.66
527,Teguise,ES,2021-01-31 00:58:00,29.0605,-13.564,64.4,82,75,12.66
528,Maldonado,UY,2021-01-31 00:59:25,-34.6667,-54.9167,68.0,73,75,16.11
529,Mindelo,CV,2021-01-31 00:59:25,16.8901,-24.9804,71.6,73,75,14.97
530,Singkang,MY,2021-01-31 00:58:52,2.1006,102.7994,73.4,83,20,3.44
531,Vangaindrano,MG,2021-01-31 00:59:25,-23.35,47.6,74.7,90,21,4.27
532,Merauke,ID,2021-01-31 00:55:06,-8.4667,140.3333,82.83,80,100,14.05
533,Saint Anthony,US,2021-01-31 00:59:26,45.0205,-93.218,32.0,74,90,9.22
534,Belton,US,2021-01-31 00:59:26,38.812,-94.5319,46.4,100,90,10.36
535,Ruhengeri,RW,2021-01-31 00:59:27,-1.4998,29.635,56.7,83,94,1.14
536,Dalmau,IN,2021-01-31 00:59:27,26.0667,81.0333,45.75,56,0,4.68
537,Kawalu,ID,2021-01-31 00:59:27,-7.3817,108.2082,78.3,76,100,2.3
538,Muzhi,RU,2021-01-31 00:59:27,65.3667,64.6667,-15.79,89,100,3.22
539,Botshabelo,ZA,2021-01-31 00:59:28,-29.2702,26.7052,64.45,77,0,5.95
540,Casablanca,MA,2021-01-31 00:59:28,33.5928,-7.6192,60.01,100,75,1.14
541,Saint-Georges,GD,2021-01-31 00:56:28,12.0564,-61.7485,78.8,83,20,23.02
542,Mareeba,AU,2021-01-31 00:52:49,-17.0,145.4333,91.0,62,40,11.5
543,Copiapo,CL,2021-01-31 00:57:53,-27.3667,-70.3333,62.6,82,75,12.66
